[
  {
    "id": "delhi",
    "name": "New Delhi",
    "state": "Delhi",
    "lat": 28.6139,
    "lon": 77.209
  },
  {
    "id": "mumbai",
    "name": "Mumbai",
    "state": "Maharashtra",
    "lat": 19.076,
    "lon": 72.8777
  },
  {
    "id": "bangalore",
    "name": "Bengaluru",
    "state": "Karnataka",
    "lat": 12.9716,
    "lon": 77.5946
  },
  {
    "id": "chennai",
    "name": "Chennai",
    "state": "Tamil Nadu",
    "lat": 13.0827,
    "lon": 80.2707
  },
  {
    "id": "kolkata",
    "name": "Kolkata",
    "state": "West Bengal",
    "lat": 22.5726,
    "lon": 88.3639
  },
  {
    "id": "hyderabad",
    "name": "Hyderabad",
    "state": "Telangana",
    "lat": 17.385,
    "lon": 78.4867
  },
  {
    "id": "ahmedabad",
    "name": "Ahmedabad",
    "state": "Gujarat",
    "lat": 23.0225,
    "lon": 72.5714
  },
  {
    "id": "pune",
    "name": "Pune",
    "state": "Maharashtra",
    "lat": 18.5204,
    "lon": 73.8567
  },
  {
    "id": "jaipur",
    "name": "Jaipur",
    "state": "Rajasthan",
    "lat": 26.9124,
    "lon": 75.7873
  },
  {
    "id": "lucknow",
    "name": "Lucknow",
    "state": "Uttar Pradesh",
    "lat": 26.8467,
    "lon": 80.9462
  },
  {
    "id": "kanpur",
    "name": "Kanpur",
    "state": "Uttar Pradesh",
    "lat": 26.4499,
    "lon": 80.3319
  },
  {
    "id": "nagpur",
    "name": "Nagpur",
    "state": "Maharashtra",
    "lat": 21.1458,
    "lon": 79.0882
  },
  {
    "id": "indore",
    "name": "Indore",
    "state": "Madhya Pradesh",
    "lat": 22.7196,
    "lon": 75.8577
  },
  {
    "id": "thane",
    "name": "Thane",
    "state": "Maharashtra",
    "lat": 19.2183,
    "lon": 72.9781
  },
  {
    "id": "bhopal",
    "name": "Bhopal",
    "state": "Madhya Pradesh",
    "lat": 23.2599,
    "lon": 77.4126
  },
  {
    "id": "patna",
    "name": "Patna",
    "state": "Bihar",
    "lat": 25.5941,
    "lon": 85.1376
  },
  {
    "id": "visakhapatnam",
    "name": "Visakhapatnam",
    "state": "Andhra Pradesh",
    "lat": 17.6868,
    "lon": 83.2185
  },
  {
    "id": "kochi",
    "name": "Kochi",
    "state": "Kerala",
    "lat": 9.9312,
    "lon": 76.2673
  }
]